,ticker,url
0,HPQ,https://fortune.com/company/hp/fortune500/
1,CARR,https://fortune.com/company/carrier-global/fortune500/
2,SYK,https://fortune.com/company/stryker/fortune500/
3,NEE,https://fortune.com/company/nextera-energy/fortune500/
4,ABDE,https://fortune.com/company/adobe-systems/fortune500/
5,ADM,https://fortune.com/company/archer-daniels-midland/fortune500/
6,EMN,https://fortune.com/company/eastman-chemical/fortune500/
7,LEVI,https://fortune.com/company/levi-strauss/fortune500/
8,ELAN,https://fortune.com/company/elanco-animal-health/fortune500/
9,ILMN,https://fortune.com/company/illumina/fortune500/
10,WMT,https://fortune.com/company/walmart/fortune500/
11,ABNB,https://fortune.com/company/airbnb/fortune500/
12,COST,https://fortune.com/company/costco/fortune500/
13,BAC,https://fortune.com/company/bank-of-america-corp/fortune500/
14,PYPL,https://fortune.com/company/paypal-holdings/fortune500/
15,VTRS,https://fortune.com/company/viatris/fortune500/
16,RAD,https://fortune.com/company/rite-aid/fortune500/
17,TFC,https://fortune.com/company/bbt-corp/fortune500/
18,LLY,https://fortune.com/company/eli-lilly/fortune500/
19,GILD,https://fortune.com/company/gilead-sciences/fortune500/
20,SNX,https://fortune.com/company/synnex/fortune500/
21,PFGC,https://fortune.com/company/performance-food-group/fortune500/
22,NFLX,https://fortune.com/company/netflix/fortune500/
23,USB,https://fortune.com/company/u-s-bancorp/fortune500/
24,DLTR,https://fortune.com/company/dollar-tree/fortune500/
25,AMGN,https://fortune.com/company/amgen/fortune500/
26,VIAC,https://fortune.com/company/cbs/fortune500/
27,KHC,https://fortune.com/company/kraft-heinz/fortune500/
28,MDLZ,https://fortune.com/company/mondelez-international/fortune500/
29,UNFI,https://fortune.com/company/united-natural-foods/fortune500/
30,HPE,https://fortune.com/company/hewlett-packard-enterprise/fortune500/
31,EPD,https://fortune.com/company/enterprise-products-partners/fortune500/
32,JBL,https://fortune.com/company/jabil-circuit/fortune500/
33,PM,https://fortune.com/company/philip-morris-international/fortune500/
34,ARW,https://fortune.com/company/arrow-electronics/fortune500/
35,TSLA,https://fortune.com/company/tesla/fortune500/
36,COF,https://fortune.com/company/capital-one-financial/fortune500/
37,TRV,https://fortune.com/company/travelers-cos/fortune500/
38,MMM,https://fortune.com/company/3m/fortune500/
39,TJX,https://fortune.com/company/tjx/fortune500/
40,TMO,https://fortune.com/company/thermo-fisher-scientific/fortune500/
41,HON,https://fortune.com/company/honeywell-international/fortune500/
42,EXC,https://fortune.com/company/exelon/fortune500/
43,KO,https://fortune.com/company/coca-cola/fortune500/
44,DG,https://fortune.com/company/dollar-general/fortune500/
45,ABT,https://fortune.com/company/abbott-laboratories/fortune500/
46,DE,https://fortune.com/company/deere/fortune500/
47,NOC,https://fortune.com/company/northrop-grumman/fortune500/
48,NKE,https://fortune.com/company/nike/fortune500/
49,GD,https://fortune.com/company/general-dynamics/fortune500/
50,DOW,https://fortune.com/company/dow/fortune500/
51,AXP,https://fortune.com/company/american-express/fortune500/
52,ET,https://fortune.com/company/energy-transfer-equity/fortune500/
53,ORCL,https://fortune.com/company/oracle/fortune500/
54,CAT,https://fortune.com/company/caterpillar/fortune500/
55,BMY,https://fortune.com/company/bristol-myers-squibb/fortune500/
56,PFE,https://fortune.com/company/pfizer/fortune500/
57,PGR,https://fortune.com/company/progressive/fortune500/
58,TSN,https://fortune.com/company/tyson-foods/fortune500/
59,AIG,https://fortune.com/company/aig/fortune500/
60,ALL,https://fortune.com/company/allstate/fortune500/
61,ABBV,https://fortune.com/company/abbvie/fortune500/
62,BBY,https://fortune.com/company/best-buy/fortune500/
63,CHTR,https://fortune.com/company/charter-communications/fortune500/
64,MRK,https://fortune.com/company/merck/fortune500/
65,CSCO,https://fortune.com/company/cisco-systems/fortune500/
66,MS,https://fortune.com/company/morgan-stanley/fortune500/
67,HCA,https://fortune.com/company/hca-holdings/fortune500/
68,SYY,https://fortune.com/company/sysco/fortune500/
69,SNEX,https://fortune.com/company/stonex-group/fortune500/
70,GS,https://fortune.com/company/goldman-sachs-group/fortune500/
71,RTX,https://fortune.com/company/raytheon-technologies/fortune500/
72,PRU,https://fortune.com/company/prudential-financial/fortune500/
73,BA,https://fortune.com/company/boeing/fortune500/
74,VLO,https://fortune.com/company/valero-energy/fortune500/
75,DIS,https://fortune.com/company/disney/fortune500/
76,FMCC,https://fortune.com/company/freddie-mac/fortune500/
77,PSX,https://fortune.com/company/phillips/fortune500/
78,LMT,https://fortune.com/company/lockheed-martin/fortune500/
79,FDX,https://fortune.com/company/fedex/fortune500/
80,MET,https://fortune.com/company/metlife/fortune500/
81,PEP,https://fortune.com/company/pepsico/fortune500/
82,ACI,https://fortune.com/company/albertsons-cos/fortune500/
83,PG,https://fortune.com/company/procter-gamble/fortune500/
84,IBM,https://fortune.com/company/ibm/fortune500/
85,HUM,https://fortune.com/company/humana/fortune500/
86,INTC,https://fortune.com/company/intel/fortune500/
87,WFC,https://fortune.com/company/wells-fargo/fortune500/
88,GE,https://fortune.com/company/general-electric/fortune500/
89,JNJ,https://fortune.com/company/johnson-johnson/fortune500/
90,UPS,https://fortune.com/company/ups/fortune500/
91,FB,https://fortune.com/company/facebook/fortune500/
92,C,https://fortune.com/company/citigroup/fortune500/
93,LOW,https://fortune.com/company/lowes/fortune500/
94,MPC,https://fortune.com/company/marathon-petroleum/fortune500/
95,DELL,https://fortune.com/company/dell-technologies/fortune500/
96,TGT,https://fortune.com/company/target/fortune500/
97,CVX,https://fortune.com/company/chevron/fortune500/
98,CMCSA,https://fortune.com/company/comcast/fortune500/
99,FNMA,https://fortune.com/company/fannie-mae/fortune500/
100,CNC,https://fortune.com/company/centene/fortune500/
101,GM,https://fortune.com/company/general-motors/fortune500/
102,ANTM,https://fortune.com/company/anthem/fortune500/
103,VZ,https://fortune.com/company/verizon/fortune500/
104,F,https://fortune.com/company/ford-motor/fortune500/
105,JPM,https://fortune.com/company/jpmorgan-chase/fortune500/
106,KR,https://fortune.com/company/kroger/fortune500/
107,HD,https://fortune.com/company/home-depot/fortune500/
108,WBA,https://fortune.com/company/walgreens-boots-alliance/fortune500/
109,CAH,https://fortune.com/company/cardinal-health/fortune500/
110,MSFT,https://fortune.com/company/microsoft/fortune500/
111,CI,https://fortune.com/company/cigna/fortune500/
112,XOM,https://fortune.com/company/exxon-mobil/fortune500/
113,T,https://fortune.com/company/att/fortune500/
114,GOOGL,https://fortune.com/company/alphabet/fortune500/
115,ABC,https://fortune.com/company/amerisourcebergen/fortune500/
116,MCK,https://fortune.com/company/mckesson/fortune500/
117,UNH,https://fortune.com/company/unitedhealth-group/fortune500/
118,BRKA,https://fortune.com/company/berkshire-hathaway/fortune500/
119,AAPL,https://fortune.com/company/apple/fortune500/
120,CVS,https://fortune.com/company/cvs-health/fortune500/
121,AMZN,https://fortune.com/company/amazon-com/fortune500/
122,HSC,https://fortune.com/company/harsco/fortune500/
123,SCL,https://fortune.com/company/stepan/fortune500/
124,CLW,https://fortune.com/company/clearwater-paper/fortune500/
125,BMRN,https://fortune.com/company/biomarin-pharmaceutical/fortune500/
126,SGRY,https://fortune.com/company/surgery-partners/fortune500/
127,ENTG,https://fortune.com/company/entegris/fortune500/
128,SNBR,https://fortune.com/company/sleep-number/fortune500/
129,SR,https://fortune.com/company/spire/fortune500/
130,BWXT,https://fortune.com/company/bwx-technologies/fortune500/
131,AMED,https://fortune.com/company/amedisys/fortune500/
132,CHE,https://fortune.com/company/chemed/fortune500/
133,AJRD,https://fortune.com/company/aerojet-rocketdyne-holdings/fortune500/
134,AMRX,https://fortune.com/company/amneal-pharmaceuticals/fortune500/
135,COLD,https://fortune.com/company/americold-realty-trust/fortune500/
136,KFY,https://fortune.com/company/korn-ferry/fortune500/
137,ZNGA,https://fortune.com/company/zynga/fortune500/
138,BGS,https://fortune.com/company/bg-foods/fortune500/
139,FIVE,https://fortune.com/company/five-below/fortune500/
140,FCNCA,https://fortune.com/company/first-citizens-bancshares/fortune500/
141,TTEC,https://fortune.com/company/ttec-holdings/fortune500/
142,ACA,https://fortune.com/company/arcosa/fortune500/
143,SSP,https://fortune.com/company/ew-scripps/fortune500/
144,DBX,https://fortune.com/company/dropbox/fortune500/
145,CXW,https://fortune.com/company/corecivic/fortune500/
146,CVA,https://fortune.com/company/covanta-holding/fortune500/
147,CHX,https://fortune.com/company/championx/fortune500/
148,VHI,https://fortune.com/company/valhi/fortune500/
149,MCFE,https://fortune.com/company/mcafee/fortune500/
150,DASH,https://fortune.com/company/doordash/fortune500/
151,WES,https://fortune.com/company/western-midstream-partners/fortune500/
152,JOAN,https://fortune.com/company/joann/fortune500/
153,RXT,https://fortune.com/company/rackspace-technology/fortune500/
154,VNT,https://fortune.com/company/vontier/fortune500/
155,OPEN,https://fortune.com/company/opendoor-technologies/fortune500/
156,OSTK,https://fortune.com/company/overstock-com/fortune500/
157,WISH,https://fortune.com/company/contextlogic/fortune500/
158,HI,https://fortune.com/company/hillenbrand/fortune500/
159,IIVI,https://fortune.com/company/ii-vi/fortune500/
160,PLTK,https://fortune.com/company/playtika-holding/fortune500/
161,WGO,https://fortune.com/company/winnebago-industries/fortune500/
162,MKSI,https://fortune.com/company/mks-instruments/fortune500/
163,ARE,https://fortune.com/company/alexandria-real-estate-equities/fortune500/
164,HTH,https://fortune.com/company/hilltop-holdings/fortune500/
165,STC,https://fortune.com/company/stewart-information-services/fortune500/
166,NVST,https://fortune.com/company/envista-holdings/fortune500/
167,SGEN,https://fortune.com/company/seagen/fortune500/
168,FRG,https://fortune.com/company/franchise-group/fortune500/
169,WST,https://fortune.com/company/west-pharmaceutical-services/fortune500/
170,FBC,https://fortune.com/company/flagstar-bancorp/fortune500/
171,OTIS,https://fortune.com/company/otis-worldwide/fortune500/
172,ASO,https://fortune.com/company/academy-sports-and-outdoors/fortune500/
173,ARNC,https://fortune.com/company/arconic-corp/fortune500/
174,CLF,https://fortune.com/company/cleveland-cliffs/fortune500/
175,UWMC,https://fortune.com/company/uwm-holdings/fortune500/
176,WOOF,https://fortune.com/company/petco-health-and-wellness/fortune500/
177,PFSI,https://fortune.com/company/pennymac-financial-services/fortune500/
178,LDI,https://fortune.com/company/loandepot/fortune500/
179,CVET,https://fortune.com/company/covetrus/fortune500/
180,COMP,https://fortune.com/company/compass/fortune500/
181,APG,https://fortune.com/company/api-group/fortune500/
182,EDR,https://fortune.com/company/endeavor-group-holdings/fortune500/
183,ARKO,https://fortune.com/company/arko/fortune500/
184,GCI,https://fortune.com/company/gannett/fortune500/
185,ADV,https://fortune.com/company/advantage-solutions/fortune500/
186,IAC,https://fortune.com/company/iac-interactivecorp/fortune500/
187,SATS,https://fortune.com/company/echostar/fortune500/
188,KMT,https://fortune.com/company/kennametal/fortune500/
189,GES,https://fortune.com/company/guess/fortune500/
190,LYV,https://fortune.com/company/live-nation-entertainment/fortune500/
191,CCO,https://fortune.com/company/clear-channel-outdoor-holdings/fortune500/
192,MTN,https://fortune.com/company/vail-resorts/fortune500/
193,HNI,https://fortune.com/company/hni/fortune500/
194,NJR,https://fortune.com/company/new-jersey-resources/fortune500/
195,EPC,https://fortune.com/company/edgewell-personal-care/fortune500/
196,DXCM,https://fortune.com/company/dexcom/fortune500/
197,GPRE,https://fortune.com/company/green-plains/fortune500/
198,UVV,https://fortune.com/company/universal/fortune500/
199,NMRK,https://fortune.com/company/newmark-group/fortune500/
200,REV,https://fortune.com/company/revlon/fortune500/
201,AL,https://fortune.com/company/air-lease/fortune500/
202,NEU,https://fortune.com/company/newmarket/fortune500/
203,TRN,https://fortune.com/company/trinity-industries/fortune500/
204,BRKR,https://fortune.com/company/bruker/fortune500/
205,CAKE,https://fortune.com/company/cheesecake-factory/fortune500/
206,RXN,https://fortune.com/company/rexnord/fortune500/
207,MOD,https://fortune.com/company/modine-manufacturing/fortune500/
208,BDC,https://fortune.com/company/belden/fortune500/
209,MUR,https://fortune.com/company/murphy-oil/fortune500/
210,RRC,https://fortune.com/company/range-resources/fortune500/
211,WYNN,https://fortune.com/company/wynn-resorts/fortune500/
212,HAIN,https://fortune.com/company/hain-celestial-group/fortune500/
213,SBAC,https://fortune.com/company/sba-communications/fortune500/
214,ALSN,https://fortune.com/company/allison-transmission-holdings/fortune500/
215,H,https://fortune.com/company/hyatt-hotels/fortune500/
216,LHCG,https://fortune.com/company/lhc-group/fortune500/
217,BGCP,https://fortune.com/company/bgc-partners/fortune500/
218,GIII,https://fortune.com/company/g-iii-apparel-group/fortune500/
219,BHE,https://fortune.com/company/benchmark-electronics/fortune500/
220,AMG,https://fortune.com/company/affiliated-managers-group/fortune500/
221,REGI,https://fortune.com/company/renewable-energy-group/fortune500/
222,DECK,https://fortune.com/company/deckers-outdoor/fortune500/
223,SKYW,https://fortune.com/company/skywest/fortune500/
224,BZH,https://fortune.com/company/beazer-homes-usa/fortune500/
225,OGE,https://fortune.com/company/oge-energy/fortune500/
226,NDSN,https://fortune.com/company/nordson/fortune500/
227,CAL,https://fortune.com/company/caleres/fortune500/
228,BOKF,https://fortune.com/company/bok-financial/fortune500/
229,AIR,https://fortune.com/company/aar/fortune500/
230,APO,https://fortune.com/company/apollo-global-management/fortune500/
231,CRS,https://fortune.com/company/carpenter-technology/fortune500/
232,BYD,https://fortune.com/company/boyd-gaming/fortune500/
233,UIS,https://fortune.com/company/unisys/fortune500/
234,ITRI,https://fortune.com/company/itron/fortune500/
235,KEX,https://fortune.com/company/kirby/fortune500/
236,ROL,https://fortune.com/company/rollins/fortune500/
237,TNL,https://fortune.com/company/wyndham-worldwide/fortune500/
238,TMX,https://fortune.com/company/servicemaster-global-holdings/fortune500/
239,POR,https://fortune.com/company/portland-general-electric/fortune500/
240,TTMI,https://fortune.com/company/ttm-technologies/fortune500/
241,MYRG,https://fortune.com/company/myr-group/fortune500/
242,DBI,https://fortune.com/company/dsw/fortune500/
243,SPLK,https://fortune.com/company/splunk/fortune500/
244,PRI,https://fortune.com/company/primerica/fortune500/
245,CPRT,https://fortune.com/company/copart/fortune500/
246,CDK,https://fortune.com/company/cdk-global/fortune500/
247,MXIM,https://fortune.com/company/maxim-integrated-products/fortune500/
248,KAR,https://fortune.com/company/kar-auction-services/fortune500/
249,REVG,https://fortune.com/company/rev-group/fortune500/
250,CLMT,https://fortune.com/company/calumet-specialty-products/fortune500/
251,CEQP,https://fortune.com/company/crestwood-equity-partners/fortune500/
252,ANET,https://fortune.com/company/arista-networks/fortune500/
253,SNV,https://fortune.com/company/synovus-financial/fortune500/
254,VSAT,https://fortune.com/company/viasat/fortune500/
255,SWN,https://fortune.com/company/southwestern-energy/fortune500/
256,PBCT,https://fortune.com/company/peoples-united-financial/fortune500/
257,AVB,https://fortune.com/company/avalonbay-communities/fortune500/
258,EVR,https://fortune.com/company/evercore/fortune500/
259,CPS,https://fortune.com/company/cooper-standard-holdings/fortune500/
260,WERN,https://fortune.com/company/werner-enterprises/fortune500/
261,LGIH,https://fortune.com/company/lgi-homes/fortune500/
262,WAT,https://fortune.com/company/waters/fortune500/
263,LYFT,https://fortune.com/company/lyft/fortune500/
264,PEAK,https://fortune.com/company/healthpeak-properties/fortune500/
265,SLM,https://fortune.com/company/slm/fortune500/
266,VVV,https://fortune.com/company/valvoline/fortune500/
267,IEX,https://fortune.com/company/idex/fortune500/
268,FFIV,https://fortune.com/company/f5-networks/fortune500/
269,GEO,https://fortune.com/company/geo-group/fortune500/
270,BV,https://fortune.com/company/brightview-holdings/fortune500/
271,HOV,https://fortune.com/company/hovnanian-enterprises/fortune500/
272,SRLP,https://fortune.com/company/sprague-resources/fortune500/
273,SUM,https://fortune.com/company/summit-materials/fortune500/
274,FCN,https://fortune.com/company/fti-consulting/fortune500/
275,COO,https://fortune.com/company/cooper-cos/fortune500/
276,MMP,https://fortune.com/company/magellan-midstream-partners/fortune500/
277,FND,https://fortune.com/company/floor-decor-holdings/fortune500/
278,AEL,https://fortune.com/company/american-equity-investment-life-holding/fortune500/
279,GFF,https://fortune.com/company/griffon/fortune500/
280,ENSG,https://fortune.com/company/ensign-group/fortune500/
281,TXRH,https://fortune.com/company/texas-roadhouse/fortune500/
282,MLI,https://fortune.com/company/mueller-industries/fortune500/
283,AMN,https://fortune.com/company/amn-healthcare-services/fortune500/
284,CW,https://fortune.com/company/curtiss-wright/fortune500/
285,MTCH,https://fortune.com/company/match-group/fortune500/
286,FLT,https://fortune.com/company/fleetcor-technologies/fortune500/
287,MATX,https://fortune.com/company/matson/fortune500/
288,GTN,https://fortune.com/company/gray-television/fortune500/
289,ASH,https://fortune.com/company/ashland-global-holdings/fortune500/
290,MANT,https://fortune.com/company/mantech-international/fortune500/
291,MIDD,https://fortune.com/company/middleby/fortune500/
292,ECHO,https://fortune.com/company/echo-global-logistics/fortune500/
293,SNAP,https://fortune.com/company/snap/fortune500/
294,VSH,https://fortune.com/company/vishay-intertechnology/fortune500/
295,COLM,https://fortune.com/company/columbia-sportswear/fortune500/
296,WWD,https://fortune.com/company/woodward/fortune500/
297,MLHR,https://fortune.com/company/herman-miller/fortune500/
298,PATK,https://fortune.com/company/patrick-industries/fortune500/
299,GNRC,https://fortune.com/company/generac-holdings/fortune500/
300,PRG,https://fortune.com/company/aarons/fortune500/
301,EEFT,https://fortune.com/company/euronet-worldwide/fortune500/
302,IBKR,https://fortune.com/company/interactive-brokers-group/fortune500/
303,ITT,https://fortune.com/company/itt/fortune500/
304,ALGN,https://fortune.com/company/align-technology/fortune500/
305,ENBL,https://fortune.com/company/enable-midstream-partners/fortune500/
306,FTNT,https://fortune.com/company/fortinet/fortune500/
307,CNXN,https://fortune.com/company/pc-connection/fortune500/
308,CLR,https://fortune.com/company/continental-resources/fortune500/
309,NUS,https://fortune.com/company/nu-skin-enterprises/fortune500/
310,DCI,https://fortune.com/company/donaldson/fortune500/
311,HE,https://fortune.com/company/hawaiian-electric-industries/fortune500/
312,EQR,https://fortune.com/company/equity-residential/fortune500/
313,MD,https://fortune.com/company/mednax/fortune500/
314,MRC,https://fortune.com/company/mrc-global/fortune500/
315,VC,https://fortune.com/company/visteon/fortune500/
316,BIO,https://fortune.com/company/bio-rad-laboratories/fortune500/
317,TFX,https://fortune.com/company/teleflex/fortune500/
318,CBRL,https://fortune.com/company/cracker-barrel-old-country-store/fortune500/
319,SITE,https://fortune.com/company/siteone-landscape-supply/fortune500/
320,LAUR,https://fortune.com/company/laureate-education/fortune500/
321,CENT,https://fortune.com/company/central-garden-pet/fortune500/
322,CDNS,https://fortune.com/company/cadence-design-systems/fortune500/
323,SRCL,https://fortune.com/company/stericycle/fortune500/
324,INCY,https://fortune.com/company/incyte/fortune500/
325,EPAM,https://fortune.com/company/epam-systems/fortune500/
326,LECO,https://fortune.com/company/lincoln-electric-holdings/fortune500/
327,ZM,https://fortune.com/company/zoom/fortune500/
328,HRB,https://fortune.com/company/hr-block/fortune500/
329,KSU,https://fortune.com/company/kansas-city-southern/fortune500/
330,CBT,https://fortune.com/company/cabot/fortune500/
331,BRO,https://fortune.com/company/brown-brown/fortune500/
332,BPOP,https://fortune.com/company/popular/fortune500/
333,TRU,https://fortune.com/company/transunion/fortune500/
334,PAE,https://fortune.com/company/pae/fortune500/
335,FSLR,https://fortune.com/company/first-solar/fortune500/
336,IDXX,https://fortune.com/company/idexx-laboratories/fortune500/
337,RCII,https://fortune.com/company/rent-a-center/fortune500/
338,FANG,https://fortune.com/company/diamondback-energy/fortune500/
339,HY,https://fortune.com/company/hyster-yale-materials-handling/fortune500/
340,RFP,https://fortune.com/company/resolute-forest-products/fortune500/
341,LCII,https://fortune.com/company/lci-industries/fortune500/
342,GBX,https://fortune.com/company/greenbrier-cos/fortune500/
343,FUL,https://fortune.com/company/h-b-fuller/fortune500/
344,LPX,https://fortune.com/company/louisiana-pacific/fortune500/
345,VRSK,https://fortune.com/company/verisk-analytics/fortune500/
346,BXP,https://fortune.com/company/boston-properties/fortune500/
347,COOP,https://fortune.com/company/mr-cooper-group/fortune500/
348,SGMS,https://fortune.com/company/scientific-games/fortune500/
349,BLD,https://fortune.com/company/topbuild/fortune500/
350,MOGA,https://fortune.com/company/moog/fortune500/
351,BTU,https://fortune.com/company/peabody-energy/fortune500/
352,HRC,https://fortune.com/company/hill-rom-holdings/fortune500/
353,AVYA,https://fortune.com/company/avaya-holdings/fortune500/
354,ENR,https://fortune.com/company/energizer-holdings/fortune500/
355,FIX,https://fortune.com/company/comfort-systems-usa/fortune500/
356,RH,https://fortune.com/company/rh/fortune500/
357,ATO,https://fortune.com/company/atmos-energy/fortune500/
358,AMCX,https://fortune.com/company/amc-networks/fortune500/
359,CR,https://fortune.com/company/crane/fortune500/
360,CG,https://fortune.com/company/carlyle-group/fortune500/
361,ATR,https://fortune.com/company/aptargroup/fortune500/
362,CRL,https://fortune.com/company/charles-river-laboratories-intl/fortune500/
363,SIGI,https://fortune.com/company/selective-insurance-group/fortune500/
364,PSA,https://fortune.com/company/public-storage/fortune500/
365,RBC,https://fortune.com/company/regal-beloit/fortune500/
366,TGI,https://fortune.com/company/triumph-group/fortune500/
367,VMI,https://fortune.com/company/valmont-industries/fortune500/
368,AOS,https://fortune.com/company/a-o-smith/fortune500/
369,GHC,https://fortune.com/company/graham-holdings/fortune500/
370,VAC,https://fortune.com/company/marriott-vacations-worldwide/fortune500/
371,GTX,https://fortune.com/company/garrett-motion/fortune500/
372,OPCH,https://fortune.com/company/option-care-health/fortune500/
373,CRI,https://fortune.com/company/carters/fortune500/
374,QUAD,https://fortune.com/company/quadgraphics/fortune500/
375,TTEK,https://fortune.com/company/tetra-tech/fortune500/
376,ATI,https://fortune.com/company/allegheny-technologies/fortune500/
377,MDP,https://fortune.com/company/meredith/fortune500/
378,RMD,https://fortune.com/company/resmed/fortune500/
379,JBLU,https://fortune.com/company/jetblue-airways/fortune500/
380,IHRT,https://fortune.com/company/iheartmedia/fortune500/
381,ZION,https://fortune.com/company/zions-bancorp/fortune500/
382,ARCB,https://fortune.com/company/arcbest/fortune500/
383,TGNA,https://fortune.com/company/tegna/fortune500/
384,TEX,https://fortune.com/company/terex/fortune500/
385,EAT,https://fortune.com/company/brinker-international/fortune500/
386,CFX,https://fortune.com/company/colfax/fortune500/
387,WOR,https://fortune.com/company/worthington-industries/fortune500/
388,EQT,https://fortune.com/company/eqt/fortune500/
389,MHO,https://fortune.com/company/mi-homes/fortune500/
390,MTOR,https://fortune.com/company/meritor/fortune500/
391,GO,https://fortune.com/company/grocery-outlet-holding/fortune500/
392,ALB,https://fortune.com/company/albemarle/fortune500/
393,ANF,https://fortune.com/company/abercrombie-fitch/fortune500/
394,PARR,https://fortune.com/company/par-pacific-holdings/fortune500/
395,TER,https://fortune.com/company/teradyne/fortune500/
396,BXC,https://fortune.com/company/bluelinx-holdings/fortune500/
397,CTLT,https://fortune.com/company/catalent/fortune500/
398,CMA,https://fortune.com/company/comerica/fortune500/
399,TTWO,https://fortune.com/company/take-two-interactive-software/fortune500/
400,ENS,https://fortune.com/company/enersys/fortune500/
401,TDY,https://fortune.com/company/teledyne-technologies/fortune500/
402,MRO,https://fortune.com/company/marathon-oil/fortune500/
403,MTD,https://fortune.com/company/mettler-toledo-international/fortune500/
404,AKAM,https://fortune.com/company/akamai-technologies/fortune500/
405,MSM,https://fortune.com/company/msc-industrial-direct/fortune500/
406,BLMN,https://fortune.com/company/bloomin-brands/fortune500/
407,VAR,https://fortune.com/company/varian-medical-systems/fortune500/
408,XLNX,https://fortune.com/company/xilinx/fortune500/
409,CCS,https://fortune.com/company/century-communities/fortune500/
410,CIT,https://fortune.com/company/cit-group/fortune500/
411,TRMB,https://fortune.com/company/trimble/fortune500/
412,CLH,https://fortune.com/company/clean-harbors/fortune500/
413,AIT,https://fortune.com/company/applied-industrial-technologies/fortune500/
414,AVNT,https://fortune.com/company/polyone/fortune500/
415,GMS,https://fortune.com/company/gms/fortune500/
416,VIRT,https://fortune.com/company/virtu-financial/fortune500/
417,QRVO,https://fortune.com/company/qorvo/fortune500/
418,CTXS,https://fortune.com/company/citrix-systems/fortune500/
419,AAWW,https://fortune.com/company/atlas-air-worldwide-holdings/fortune500/
420,ACHC,https://fortune.com/company/acadia-healthcare/fortune500/
421,DY,https://fortune.com/company/dycom-industries/fortune500/
422,BFB,https://fortune.com/company/brown-forman/fortune500/
423,SWKS,https://fortune.com/company/skyworks-solutions/fortune500/
424,XRAY,https://fortune.com/company/dentsply-sirona/fortune500/
425,ZG,https://fortune.com/company/zillow-group/fortune500/
426,SMCI,https://fortune.com/company/super-micro-computer/fortune500/
427,PSMT,https://fortune.com/company/pricesmart/fortune500/
428,AYI,https://fortune.com/company/acuity-brands/fortune500/
429,GDDY,https://fortune.com/company/godaddy/fortune500/
430,SWX,https://fortune.com/company/southwest-gas-holdings/fortune500/
431,TPH,https://fortune.com/company/tri-pointe-group/fortune500/
432,CZR,https://fortune.com/company/eldorado-resorts/fortune500/
433,RYI,https://fortune.com/company/ryerson-holding/fortune500/
434,MMS,https://fortune.com/company/maximus/fortune500/
435,URBN,https://fortune.com/company/urban-outfitters/fortune500/
436,CBOE,https://fortune.com/company/cboe-global-markets/fortune500/
437,LNT,https://fortune.com/company/alliant-energy/fortune500/
438,PANW,https://fortune.com/company/palo-alto-networks/fortune500/
439,SPR,https://fortune.com/company/spirit-aerosystems-holdings/fortune500/
440,PLXS,https://fortune.com/company/plexus/fortune500/
441,FHN,https://fortune.com/company/first-horizon-national-corp/fortune500/
442,TTC,https://fortune.com/company/toro/fortune500/
443,PNW,https://fortune.com/company/pinnacle-west-capital/fortune500/
444,PENN,https://fortune.com/company/penn-national-gaming/fortune500/
445,DAR,https://fortune.com/company/darling-ingredients/fortune500/
446,ALK,https://fortune.com/company/alaska-air-group/fortune500/
447,SAFM,https://fortune.com/company/sanderson-farms/fortune500/
448,GVA,https://fortune.com/company/granite-construction/fortune500/
449,PBI,https://fortune.com/company/pitney-bowes/fortune500/
450,BKD,https://fortune.com/company/brookdale-senior-living/fortune500/
451,CIEN,https://fortune.com/company/ciena/fortune500/
452,SBH,https://fortune.com/company/sally-beauty-holdings/fortune500/
453,TKR,https://fortune.com/company/timken/fortune500/
454,SCI,https://fortune.com/company/service-corp-international/fortune500/
455,HUBG,https://fortune.com/company/hub-group/fortune500/
456,AR,https://fortune.com/company/antero-resources/fortune500/
457,PRIM,https://fortune.com/company/primoris-services/fortune500/
458,AWK,https://fortune.com/company/american-water-works/fortune500/
459,HOLX,https://fortune.com/company/hologic/fortune500/
460,AEO,https://fortune.com/company/american-eagle-outfitters/fortune500/
461,FLS,https://fortune.com/company/flowserve/fortune500/
462,NAVI,https://fortune.com/company/navient/fortune500/
463,SCS,https://fortune.com/company/steelcase/fortune500/
464,TWTR,https://fortune.com/company/twitter/fortune500/
465,GTS,https://fortune.com/company/triple-s-management/fortune500/
466,BCO,https://fortune.com/company/brinks/fortune500/
467,SNPS,https://fortune.com/company/synopsys/fortune500/
468,TPX,https://fortune.com/company/tempur-sealy-international/fortune500/
469,LII,https://fortune.com/company/lennox-international/fortune500/
470,LVS,https://fortune.com/company/las-vegas-sands/fortune500/
471,SCSC,https://fortune.com/company/scansource/fortune500/
472,PSN,https://fortune.com/company/parsons/fortune500/
473,GENN,https://fortune.com/company/genesis-healthcare/fortune500/
474,DLR,https://fortune.com/company/digital-realty-trust/fortune500/
475,DBD,https://fortune.com/company/diebold-nixdorf/fortune500/
476,MDC,https://fortune.com/company/mdc-holdings/fortune500/
477,ENLC,https://fortune.com/company/enlink-midstream/fortune500/
478,NLOK,https://fortune.com/company/symantec/fortune500/
479,CNO,https://fortune.com/company/cno-financial-group/fortune500/
480,SF,https://fortune.com/company/stifel-financial/fortune500/
481,VTR,https://fortune.com/company/ventas/fortune500/
482,LW,https://fortune.com/company/lamb-weston-holdings/fortune500/
483,ANAT,https://fortune.com/company/american-national-insurance/fortune500/
484,ADSK,https://fortune.com/company/autodesk/fortune500/
485,MCY,https://fortune.com/company/mercury-general/fortune500/
486,PKI,https://fortune.com/company/perkinelmer/fortune500/
487,EFX,https://fortune.com/company/equifax/fortune500/
488,CF,https://fortune.com/company/cf-industries-holdings/fortune500/
489,DPZ,https://fortune.com/company/dominos-pizza/fortune500/
490,WMK,https://fortune.com/company/weis-markets/fortune500/
491,IT,https://fortune.com/company/gartner/fortune500/
492,SIVB,https://fortune.com/company/svb-financial-group/fortune500/
493,HOG,https://fortune.com/company/harley-davidson/fortune500/
494,ASNA,https://fortune.com/company/ascena-retail-group/fortune500/
495,PAYX,https://fortune.com/company/paychex/fortune500/
496,TNET,https://fortune.com/company/trinet-group/fortune500/
497,ODFL,https://fortune.com/company/old-dominion-freight-line/fortune500/
498,UHAL,https://fortune.com/company/amerco/fortune500/
499,SPB,https://fortune.com/company/hrg-group/fortune500/
500,ASGN,https://fortune.com/company/asgn/fortune500/
501,SNA,https://fortune.com/company/snap-on/fortune500/
502,POOL,https://fortune.com/company/pool/fortune500/
503,KEYS,https://fortune.com/company/keysight-technologies/fortune500/
504,HUBB,https://fortune.com/company/hubbell/fortune500/
505,KBH,https://fortune.com/company/kb-home/fortune500/
506,CNDT,https://fortune.com/company/conduent/fortune500/
507,IRM,https://fortune.com/company/iron-mountain/fortune500/
508,LSTR,https://fortune.com/company/landstar-system/fortune500/
509,SMG,https://fortune.com/company/scotts-miracle-gro/fortune500/
510,LULU,https://fortune.com/company/lululemon-athletica/fortune500/
511,FLO,https://fortune.com/company/flowers-foods/fortune500/
512,EW,https://fortune.com/company/edwards-lifesciences/fortune500/
513,VRT,https://fortune.com/company/vertiv-holdings/fortune500/
514,ISRG,https://fortune.com/company/intuitive-surgical/fortune500/
515,BC,https://fortune.com/company/brunswick/fortune500/
516,WDAY,https://fortune.com/company/workday/fortune500/
517,APA,https://fortune.com/company/apache/fortune500/
518,HLT,https://fortune.com/company/hilton-worldwide-holdings/fortune500/
519,NSP,https://fortune.com/company/insperity/fortune500/
520,LEG,https://fortune.com/company/leggett-platt/fortune500/
521,CSL,https://fortune.com/company/carlisle/fortune500/
522,JELD,https://fortune.com/company/jeld-wen-holding/fortune500/
523,ADS,https://fortune.com/company/alliance-data-systems/fortune500/
524,NOW,https://fortune.com/company/servicenow/fortune500/
525,KELYA,https://fortune.com/company/kelly-services/fortune500/
526,GEF,https://fortune.com/company/greif/fortune500/
527,YELL,https://fortune.com/company/yrc-worldwide/fortune500/
528,FRC,https://fortune.com/company/first-republic-bank/fortune500/
529,NXST,https://fortune.com/company/nexstar-media-group/fortune500/
530,MTH,https://fortune.com/company/meritage-homes/fortune500/
531,UAA,https://fortune.com/company/under-armour/fortune500/
532,WMG,https://fortune.com/company/warner-music-group/fortune500/
533,ZBRA,https://fortune.com/company/zebra-technologies/fortune500/
534,JNPR,https://fortune.com/company/juniper-networks/fortune500/
535,PLD,https://fortune.com/company/prologis/fortune500/
536,DDS,https://fortune.com/company/dillards/fortune500/
537,SYNH,https://fortune.com/company/syneos-health/fortune500/
538,CNR,https://fortune.com/company/nci-building-systems/fortune500/
539,SKX,https://fortune.com/company/skechers-u-s-a/fortune500/
540,IMKTA,https://fortune.com/company/ingles-markets/fortune500/
541,SPG,https://fortune.com/company/simon-property-group/fortune500/
542,WELL,https://fortune.com/company/welltower/fortune500/
543,MNST,https://fortune.com/company/monster-beverage/fortune500/
544,MAT,https://fortune.com/company/mattel/fortune500/
545,THS,https://fortune.com/company/treehouse-foods/fortune500/
546,SNDR,https://fortune.com/company/schneider-national/fortune500/
547,AME,https://fortune.com/company/ametek/fortune500/
548,BR,https://fortune.com/company/broadridge-financial-solutions/fortune500/
549,RUSHB,https://fortune.com/company/rush-enterprises/fortune500/
550,MLM,https://fortune.com/company/martin-marietta-materials/fortune500/
551,AXL,https://fortune.com/company/american-axle-manufacturing/fortune500/
552,WINMQ,https://fortune.com/company/windstream-holdings/fortune500/
553,NI,https://fortune.com/company/nisource/fortune500/
554,PPD,https://fortune.com/company/ppd/fortune500/
555,KNX,https://fortune.com/company/knight-swift-transportation-holdings/fortune500/
556,SSNC,https://fortune.com/company/ssc-technologies-holdings/fortune500/
557,UFS,https://fortune.com/company/domtar/fortune500/
558,EHC,https://fortune.com/company/healthsouth/fortune500/
559,FMC,https://fortune.com/company/fmc/fortune500/
560,FTV,https://fortune.com/company/fortive/fortune500/
561,EVRG,https://fortune.com/company/westar-energy/fortune500/
562,IR,https://fortune.com/company/gardner-denver/fortune500/
563,SEE,https://fortune.com/company/sealed-air/fortune500/
564,CHD,https://fortune.com/company/church-dwight/fortune500/
565,OMF,https://fortune.com/company/onemain-holdings/fortune500/
566,CME,https://fortune.com/company/cme-group/fortune500/
567,XYL,https://fortune.com/company/xylem/fortune500/
568,VMC,https://fortune.com/company/vulcan-materials/fortune500/
569,TA,https://fortune.com/company/travelcenters-of-america/fortune500/
570,WU,https://fortune.com/company/western-union/fortune500/
571,THG,https://fortune.com/company/hanover-insurance-group/fortune500/
572,HES,https://fortune.com/company/hess/fortune500/
573,GL,https://fortune.com/company/torchmark/fortune500/
574,GME,https://fortune.com/company/gamestop/fortune500/
575,IFF,https://fortune.com/company/international-flavors-fragrances/fortune500/
576,REZI,https://fortune.com/company/resideo-technologies/fortune500/
577,WSO,https://fortune.com/company/watsco/fortune500/
578,AMKR,https://fortune.com/company/amkor-technology/fortune500/
579,COKE,https://fortune.com/company/coca-cola-bottling/fortune500/
580,CC,https://fortune.com/company/chemours/fortune500/
581,TPR,https://fortune.com/company/coach/fortune500/
582,SLGN,https://fortune.com/company/silgan-holdings/fortune500/
583,HTZGQ,https://fortune.com/company/hertz-global-holdings/fortune500/
584,ON,https://fortune.com/company/on-semiconductor/fortune500/
585,HBAN,https://fortune.com/company/huntington-bancshares/fortune500/
586,SON,https://fortune.com/company/sonoco-products/fortune500/
587,TDS,https://fortune.com/company/telephone-data-systems/fortune500/
588,CHK,https://fortune.com/company/chesapeake-energy/fortune500/
589,KMPR,https://fortune.com/company/kemper/fortune500/
590,EXPE,https://fortune.com/company/expedia-group/fortune500/
591,TDG,https://fortune.com/company/transdigm-group/fortune500/
592,MGM,https://fortune.com/company/mgm-resorts-international/fortune500/
593,UFPI,https://fortune.com/company/universal-forest-products/fortune500/
594,RHI,https://fortune.com/company/robert-half-international/fortune500/
595,DVN,https://fortune.com/company/devon-energy/fortune500/
596,A,https://fortune.com/company/agilent-technologies/fortune500/
597,TPC,https://fortune.com/company/tutor-perini/fortune500/
598,ADT,https://fortune.com/company/adt/fortune500/
599,MCHP,https://fortune.com/company/microchip-technology/fortune500/
600,MIK,https://fortune.com/company/michaels-cos/fortune500/
601,HWM,https://fortune.com/company/arconic/fortune500/
602,HAS,https://fortune.com/company/hasbro/fortune500/
603,AMRK,https://fortune.com/company/a-mark-precious-metals/fortune500/
604,CWH,https://fortune.com/company/camping-world-holdings/fortune500/
605,NTAP,https://fortune.com/company/netapp/fortune500/
606,CAR,https://fortune.com/company/avis-budget-group/fortune500/
607,RRD,https://fortune.com/company/r-r-donnelley-sons/fortune500/
608,MCO,https://fortune.com/company/moodys/fortune500/
609,FAST,https://fortune.com/company/fastenal/fortune500/
610,NDAQ,https://fortune.com/company/nasdaq/fortune500/
611,ADI,https://fortune.com/company/analog-devices/fortune500/
612,MKC,https://fortune.com/company/mccormick/fortune500/
613,CVNA,https://fortune.com/company/carvana/fortune500/
614,BEN,https://fortune.com/company/franklin-resources/fortune500/
615,EA,https://fortune.com/company/electronic-arts/fortune500/
616,MDU,https://fortune.com/company/mdu-resources-group/fortune500/
617,SEM,https://fortune.com/company/select-medical-holdings/fortune500/
618,ROP,https://fortune.com/company/roper-technologies/fortune500/
619,RPM,https://fortune.com/company/rpm-international/fortune500/
620,CERN,https://fortune.com/company/cerner/fortune500/
621,PDCO,https://fortune.com/company/patterson/fortune500/
622,CMC,https://fortune.com/company/commercial-metals/fortune500/
623,BCC,https://fortune.com/company/boise-cascade/fortune500/
624,ABM,https://fortune.com/company/abm-industries/fortune500/
625,INGR,https://fortune.com/company/ingredion/fortune500/
626,CMG,https://fortune.com/company/chipotle-mexican-grill/fortune500/
627,SBGI,https://fortune.com/company/sinclair-broadcast-group/fortune500/
628,LPLA,https://fortune.com/company/lpl-financial-holdings/fortune500/
629,CCI,https://fortune.com/company/crown-castle-international/fortune500/
630,KLAC,https://fortune.com/company/kla-tencor/fortune500/
631,AEE,https://fortune.com/company/ameren/fortune500/
632,KBR,https://fortune.com/company/kbr/fortune500/
633,BURL,https://fortune.com/company/burlington-stores/fortune500/
634,OLN,https://fortune.com/company/olin/fortune500/
635,CACI,https://fortune.com/company/caci-international/fortune500/
636,POST,https://fortune.com/company/post-holdings/fortune500/
637,CE,https://fortune.com/company/celanese/fortune500/
638,YUM,https://fortune.com/company/yum-brands/fortune500/
639,NCR,https://fortune.com/company/ncr/fortune500/
640,TROW,https://fortune.com/company/t-rowe-price/fortune500/
641,VRTX,https://fortune.com/company/vertex-pharmaceuticals/fortune500/
642,BIG,https://fortune.com/company/big-lots/fortune500/
643,RL,https://fortune.com/company/ralph-lauren/fortune500/
644,ULTA,https://fortune.com/company/ulta-beauty/fortune500/
645,TMHC,https://fortune.com/company/taylor-morrison-home/fortune500/
646,IEP,https://fortune.com/company/icahn-enterprises/fortune500/
647,BX,https://fortune.com/company/blackstone-group/fortune500/
648,OI,https://fortune.com/company/owens-illinois/fortune500/
649,FBHS,https://fortune.com/company/fortune-brands-home-security/fortune500/
650,NOV,https://fortune.com/company/national-oilwell-varco/fortune500/
651,OVV,https://fortune.com/company/ovintiv/fortune500/
652,HUN,https://fortune.com/company/huntsman/fortune500/
653,EQIX,https://fortune.com/company/equinix/fortune500/
654,ZTS,https://fortune.com/company/zoetis/fortune500/
655,HBI,https://fortune.com/company/hanesbrands/fortune500/
656,PKG,https://fortune.com/company/packaging-corp-of-america/fortune500/
657,RF,https://fortune.com/company/regions-financial/fortune500/
658,GPK,https://fortune.com/company/graphic-packaging-holding/fortune500/
659,UGI,https://fortune.com/company/ugi/fortune500/
660,SFM,https://fortune.com/company/sprouts-farmers-market/fortune500/
661,AVTR,https://fortune.com/company/avantor/fortune500/
662,VRTV,https://fortune.com/company/veritiv/fortune500/
663,ROK,https://fortune.com/company/rockwell-automation/fortune500/
664,MTZ,https://fortune.com/company/mastec/fortune500/
665,DCP,https://fortune.com/company/dcp-midstream/fortune500/
666,NTRS,https://fortune.com/company/northern-trust/fortune500/
667,MTB,https://fortune.com/company/mt-bank-corp/fortune500/
668,RLGY,https://fortune.com/company/realogy-holdings/fortune500/
669,AJG,https://fortune.com/company/arthur-j-gallagher/fortune500/
670,AVY,https://fortune.com/company/avery-dennison/fortune500/
671,SANM,https://fortune.com/company/sanmina/fortune500/
672,JEF,https://fortune.com/company/leucadia-national/fortune500/
673,BECN,https://fortune.com/company/beacon-roofing-supply/fortune500/
674,OSK,https://fortune.com/company/oshkosh/fortune500/
675,BKNG,https://fortune.com/company/booking-holdings/fortune500/
676,WSM,https://fortune.com/company/williams-sonoma/fortune500/
677,COTY,https://fortune.com/company/coty/fortune500/
678,CLX,https://fortune.com/company/clorox/fortune500/
679,PXD,https://fortune.com/company/pioneer-natural-resources/fortune500/
680,DOV,https://fortune.com/company/dover/fortune500/
681,CMS,https://fortune.com/company/cms-energy/fortune500/
682,ORI,https://fortune.com/company/old-republic-international/fortune500/
683,FYBR,https://fortune.com/company/frontier-communications/fortune500/
684,CHWY,https://fortune.com/company/chewy/fortune500/
685,PVH,https://fortune.com/company/pvh/fortune500/
686,ABG,https://fortune.com/company/asbury-automotive-group/fortune500/
687,SEB,https://fortune.com/company/seaboard/fortune500/
688,PII,https://fortune.com/company/polaris-industries/fortune500/
689,DAN,https://fortune.com/company/dana/fortune500/
690,FAF,https://fortune.com/company/first-american-financial/fortune500/
691,CTAS,https://fortune.com/company/cintas/fortune500/
692,TOL,https://fortune.com/company/toll-brothers/fortune500/
693,SAIC,https://fortune.com/company/science-applications-international/fortune500/
694,OC,https://fortune.com/company/owens-corning/fortune500/
695,ZBH,https://fortune.com/company/zimmer-biomet-holdings/fortune500/
696,XRX,https://fortune.com/company/xerox/fortune500/
697,MAS,https://fortune.com/company/masco/fortune500/
698,WEC,https://fortune.com/company/wec-energy-group/fortune500/
699,FL,https://fortune.com/company/foot-locker/fortune500/
700,CINF,https://fortune.com/company/cincinnati-financial/fortune500/
701,WY,https://fortune.com/company/weyerhaeuser/fortune500/
702,WLK,https://fortune.com/company/westlake-chemical/fortune500/
703,MGLN,https://fortune.com/company/magellan-health/fortune500/
704,BAH,https://fortune.com/company/booz-allen-hamilton/fortune500/
705,ALV,https://fortune.com/company/autoliv/fortune500/
706,SPGI,https://fortune.com/company/sp-global/fortune500/
707,GPN,https://fortune.com/company/global-payments/fortune500/
708,MSI,https://fortune.com/company/motorola-solutions/fortune500/
709,KEY,https://fortune.com/company/keycorp/fortune500/
710,DK,https://fortune.com/company/delek-us-holdings/fortune500/
711,WRB,https://fortune.com/company/w-r-berkley/fortune500/
712,ATVI,https://fortune.com/company/activision-blizzard/fortune500/
713,AMT,https://fortune.com/company/american-tower/fortune500/
714,AFG,https://fortune.com/company/american-financial-group/fortune500/
715,DRI,https://fortune.com/company/darden-restaurants/fortune500/
716,SJM,https://fortune.com/company/j-m-smucker/fortune500/
717,WMB,https://fortune.com/company/williams/fortune500/
718,INTU,https://fortune.com/company/intuit/fortune500/
719,CFG,https://fortune.com/company/citizens-financial-group/fortune500/
720,PPL,https://fortune.com/company/ppl/fortune500/
721,NVR,https://fortune.com/company/nvr/fortune500/
722,WAB,https://fortune.com/company/westinghouse-air-brake/fortune500/
723,FITB,https://fortune.com/company/fifth-third-bancorp/fortune500/
724,STZ,https://fortune.com/company/constellation-brands/fortune500/
725,NSIT,https://fortune.com/company/insight-enterprises/fortune500/
726,GLP,https://fortune.com/company/global-partners/fortune500/
727,UNVR,https://fortune.com/company/univar/fortune500/
728,YUMC,https://fortune.com/company/yum-china-holdings/fortune500/
729,TRGP,https://fortune.com/company/targa-resources/fortune500/
730,ICE,https://fortune.com/company/intercontinental-exchange/fortune500/
731,ANDE,https://fortune.com/company/andersons/fortune500/
732,RJF,https://fortune.com/company/raymond-james-financial/fortune500/
733,THO,https://fortune.com/company/thor-industries/fortune500/
734,HSY,https://fortune.com/company/hershey/fortune500/
735,CASY,https://fortune.com/company/caseys-general-stores/fortune500/
736,CNP,https://fortune.com/company/centerpoint-energy/fortune500/
737,RS,https://fortune.com/company/reliance-steel-aluminum/fortune500/
738,EME,https://fortune.com/company/emcor-group/fortune500/
739,OMI,https://fortune.com/company/owens-minor/fortune500/
740,MOS,https://fortune.com/company/mosaic/fortune500/
741,GNW,https://fortune.com/company/genworth-financial/fortune500/
742,APH,https://fortune.com/company/amphenol/fortune500/
743,BLDR,https://fortune.com/company/builders-firstsource/fortune500/
744,OKE,https://fortune.com/company/oneok/fortune500/
745,URI,https://fortune.com/company/united-rentals/fortune500/
746,BHF,https://fortune.com/company/brighthouse-financial/fortune500/
747,REGN,https://fortune.com/company/regeneron-pharmaceuticals/fortune500/
748,COMM,https://fortune.com/company/commscope-holding/fortune500/
749,R,https://fortune.com/company/ryder-system/fortune500/
750,HII,https://fortune.com/company/huntington-ingalls-industries/fortune500/
751,LNG,https://fortune.com/company/cheniere-energy/fortune500/
752,SPTN,https://fortune.com/company/spartannash/fortune500/
753,AA,https://fortune.com/company/alcoa/fortune500/
754,AGCO,https://fortune.com/company/agco/fortune500/
755,VOYA,https://fortune.com/company/voya-financial/fortune500/
756,NRG,https://fortune.com/company/nrg-energy/fortune500/
757,IPG,https://fortune.com/company/interpublic-group/fortune500/
758,CPB,https://fortune.com/company/campbell-soup/fortune500/
759,LUV,https://fortune.com/company/southwest-airlines/fortune500/
760,NWSA,https://fortune.com/company/news-corp/fortune500/
761,ES,https://fortune.com/company/eversource-energy/fortune500/
762,Y,https://fortune.com/company/alleghany/fortune500/
763,APD,https://fortune.com/company/air-products-chemicals/fortune500/
764,JBHT,https://fortune.com/company/j-b-hunt-transport-services/fortune500/
765,KKR,https://fortune.com/company/kkr/fortune500/
766,HRL,https://fortune.com/company/hormel-foods/fortune500/
767,PEG,https://fortune.com/company/public-service-enterprise-group/fortune500/
768,STLD,https://fortune.com/company/steel-dynamics/fortune500/
769,DKS,https://fortune.com/company/dicks-sporting-goods/fortune500/
770,MHK,https://fortune.com/company/mohawk-industries/fortune500/
771,MUSA,https://fortune.com/company/murphy-usa/fortune500/
772,SQ,https://fortune.com/company/square/fortune500/
773,DGX,https://fortune.com/company/quest-diagnostics/fortune500/
774,NWL,https://fortune.com/company/newell-brands/fortune500/
775,LSXMA,https://fortune.com/company/liberty-media/fortune500/
776,LRCX,https://fortune.com/company/lam-research/fortune500/
777,BSX,https://fortune.com/company/boston-scientific/fortune500/
778,ATUS,https://fortune.com/company/altice-usa/fortune500/
779,NSC,https://fortune.com/company/norfolk-southern/fortune500/
780,SAH,https://fortune.com/company/sonic-automotive/fortune500/
781,AMD,https://fortune.com/company/advanced-micro-devices/fortune500/
782,X,https://fortune.com/company/united-states-steel/fortune500/
783,MKL,https://fortune.com/company/markel/fortune500/
784,ODP,https://fortune.com/company/office-depot/fortune500/
785,AES,https://fortune.com/company/aes/fortune500/
786,TAP,https://fortune.com/company/molson-coors-brewing/fortune500/
787,AAP,https://fortune.com/company/advance-auto-parts/fortune500/
788,AIZ,https://fortune.com/company/assurant/fortune500/
789,ALLY,https://fortune.com/company/ally-financial/fortune500/
790,FNF,https://fortune.com/company/fidelity-national-financial/fortune500/
791,JWN,https://fortune.com/company/nordstrom/fortune500/
792,DISCA,https://fortune.com/company/discovery/fortune500/
793,TSCO,https://fortune.com/company/tractor-supply/fortune500/
794,CSX,https://fortune.com/company/csx/fortune500/
795,MAR,https://fortune.com/company/marriott-international/fortune500/
796,FE,https://fortune.com/company/firstenergy/fortune500/
797,BWA,https://fortune.com/company/borgwarner/fortune500/
798,RSG,https://fortune.com/company/republic-services/fortune500/
799,HSIC,https://fortune.com/company/henry-schein/fortune500/
800,EXPD,https://fortune.com/company/expeditors-intl-of-washington/fortune500/
801,ETR,https://fortune.com/company/entergy/fortune500/
802,DVA,https://fortune.com/company/davita/fortune500/
803,XEL,https://fortune.com/company/xcel-energy/fortune500/
804,NEM,https://fortune.com/company/newmont-mining/fortune500/
805,VST,https://fortune.com/company/vistra-energy/fortune500/
806,IQV,https://fortune.com/company/quintiles-ims-holdings/fortune500/
807,EBAY,https://fortune.com/company/ebay/fortune500/
808,GLW,https://fortune.com/company/corning/fortune500/
809,PWR,https://fortune.com/company/quanta-services/fortune500/
810,HFC,https://fortune.com/company/hollyfrontier/fortune500/
811,BBBY,https://fortune.com/company/bed-bath-beyond/fortune500/
812,UBER,https://fortune.com/company/uber-technologies/fortune500/
813,CAG,https://fortune.com/company/conagra-brands/fortune500/
814,PHM,https://fortune.com/company/pultegroup/fortune500/
815,EOG,https://fortune.com/company/eog-resources/fortune500/
816,GPI,https://fortune.com/company/group-1-automotive/fortune500/
817,SRE,https://fortune.com/company/sempra-energy/fortune500/
818,BBWI,https://fortune.com/company/l-brands/fortune500/
819,GWW,https://fortune.com/company/w-w-grainger/fortune500/
820,CYH,https://fortune.com/company/community-health-systems/fortune500/
821,BLL,https://fortune.com/company/ball/fortune500/
822,BERY,https://fortune.com/company/berry-global-group/fortune500/
823,KMI,https://fortune.com/company/kinder-morgan/fortune500/
824,VFC,https://fortune.com/company/vf/fortune500/
825,BAX,https://fortune.com/company/baxter-international/fortune500/
826,TXT,https://fortune.com/company/textron/fortune500/
827,LKQ,https://fortune.com/company/lkq/fortune500/
828,KDP,https://fortune.com/company/dr-pepper-snapple-group/fortune500/
829,ORLY,https://fortune.com/company/oreilly-automotive/fortune500/
830,CCK,https://fortune.com/company/crown-holdings/fortune500/
831,UHS,https://fortune.com/company/universal-health-services/fortune500/
832,ITW,https://fortune.com/company/illinois-tool-works/fortune500/
833,FIS,https://fortune.com/company/fidelity-national-information-services/fortune500/
834,ROST,https://fortune.com/company/ross-stores/fortune500/
835,EQH,https://fortune.com/company/equitable-holdings/fortune500/
836,WCC,https://fortune.com/company/wesco-international/fortune500/
837,GT,https://fortune.com/company/goodyear-tire-rubber/fortune500/
838,FOXA,https://fortune.com/company/fox/fortune500/
839,LDOS,https://fortune.com/company/leidos-holdings/fortune500/
840,ED,https://fortune.com/company/consolidated-edison/fortune500/
841,DTE,https://fortune.com/company/dte-energy/fortune500/
842,SCHW,https://fortune.com/company/charles-schwab/fortune500/
843,STT,https://fortune.com/company/state-street-corp/fortune500/
844,AMP,https://fortune.com/company/ameriprise-financial/fortune500/
845,J,https://fortune.com/company/jacobs-engineering-group/fortune500/
846,EIX,https://fortune.com/company/edison-international/fortune500/
847,BIIB,https://fortune.com/company/biogen/fortune500/
848,OMC,https://fortune.com/company/omnicom-group/fortune500/
849,UNM,https://fortune.com/company/unum-group/fortune500/
850,LAD,https://fortune.com/company/lithia-motors/fortune500/
851,DFS,https://fortune.com/company/discover-financial-services/fortune500/
852,ARMK,https://fortune.com/company/aramark/fortune500/
853,ECL,https://fortune.com/company/ecolab/fortune500/
854,AZO,https://fortune.com/company/autozone/fortune500/
855,L,https://fortune.com/company/loews/fortune500/
856,PFG,https://fortune.com/company/principal-financial/fortune500/
857,RGA,https://fortune.com/company/reinsurance-group-of-america/fortune500/
858,ADP,https://fortune.com/company/adp/fortune500/
859,SWK,https://fortune.com/company/stanley-black-decker/fortune500/
860,TXN,https://fortune.com/company/texas-instruments/fortune500/
861,HAL,https://fortune.com/company/halliburton/fortune500/
862,EL,https://fortune.com/company/estee-lauder/fortune500/
863,CTVA,https://fortune.com/company/corteva/fortune500/
864,FCX,https://fortune.com/company/freeport-mcmoran/fortune500/
865,QRTEA,https://fortune.com/company/qurate-retail/fortune500/
866,W,https://fortune.com/company/wayfair/fortune500/
867,LH,https://fortune.com/company/laboratory-corp-of-america/fortune500/
868,PPG,https://fortune.com/company/ppg-industries/fortune500/
869,GPS,https://fortune.com/company/gap/fortune500/
870,K,https://fortune.com/company/kellogg/fortune500/
871,PH,https://fortune.com/company/parker-hannifin/fortune500/
872,MA,https://fortune.com/company/mastercard/fortune500/
873,WM,https://fortune.com/company/waste-management/fortune500/
874,PBF,https://fortune.com/company/pbf-energy/fortune500/
875,AEP,https://fortune.com/company/american-electric-power/fortune500/
876,FISV,https://fortune.com/company/fiserv/fortune500/
877,D,https://fortune.com/company/dominion-resources/fortune500/
878,RKT,https://fortune.com/company/rocket-companies/fortune500/
879,KSS,https://fortune.com/company/kohls/fortune500/
880,FLR,https://fortune.com/company/fluor/fortune500/
881,DISH,https://fortune.com/company/dish-network/fortune500/
882,BJ,https://fortune.com/company/bjs-wholesale-club/fortune500/
883,TEN,https://fortune.com/company/tenneco/fortune500/
884,UAL,https://fortune.com/company/united-continental-holdings/fortune500/
885,BK,https://fortune.com/company/bank-of-new-york-mellon-corp/fortune500/
886,EMR,https://fortune.com/company/emerson-electric/fortune500/
887,WDC,https://fortune.com/company/western-digital/fortune500/
888,OXY,https://fortune.com/company/occidental-petroleum/fortune500/
889,NVDA,https://fortune.com/company/nvidia/fortune500/
890,CTSH,https://fortune.com/company/cognizant-technology-solutions/fortune500/
891,JLL,https://fortune.com/company/jones-lang-lasalle/fortune500/
892,SYF,https://fortune.com/company/synchrony-financial/fortune500/
893,CL,https://fortune.com/company/colgate-palmolive/fortune500/
894,ACM,https://fortune.com/company/aecom/fortune500/
895,XPO,https://fortune.com/company/xpo-logistics/fortune500/
896,CHRW,https://fortune.com/company/c-h-robinson-worldwide/fortune500/
897,BLK,https://fortune.com/company/blackrock/fortune500/
898,LNC,https://fortune.com/company/lincoln-national/fortune500/
899,GPC,https://fortune.com/company/genuine-parts/fortune500/
900,AAL,https://fortune.com/company/american-airlines-group/fortune500/
901,MMC,https://fortune.com/company/marsh-mclennan/fortune500/
902,AMAT,https://fortune.com/company/applied-materials/fortune500/
903,BDX,https://fortune.com/company/becton-dickinson/fortune500/
904,DAL,https://fortune.com/company/delta-air-lines/fortune500/
905,LEA,https://fortune.com/company/lear/fortune500/
906,SHW,https://fortune.com/company/sherwin-williams/fortune500/
907,LHX,https://fortune.com/company/harris/fortune500/
908,M,https://fortune.com/company/macys/fortune500/
909,MAN,https://fortune.com/company/manpowergroup/fortune500/
910,THC,https://fortune.com/company/tenet-healthcare/fortune500/
911,AVT,https://fortune.com/company/avnet/fortune500/
912,GIS,https://fortune.com/company/general-mills/fortune500/
913,WRK,https://fortune.com/company/westrock/fortune500/
914,CMI,https://fortune.com/company/cummins/fortune500/
915,NGL,https://fortune.com/company/ngl-energy-partners/fortune500/
916,DXC,https://fortune.com/company/dxc-technology/fortune500/
917,UNP,https://fortune.com/company/union-pacific/fortune500/
918,WHR,https://fortune.com/company/whirlpool/fortune500/
919,MOH,https://fortune.com/company/molina-healthcare/fortune500/
920,COP,https://fortune.com/company/conocophillips/fortune500/
921,MCD,https://fortune.com/company/mcdonalds/fortune500/
922,KMB,https://fortune.com/company/kimberly-clark/fortune500/
923,PCAR,https://fortune.com/company/paccar/fortune500/
924,PCG,https://fortune.com/company/pge-corp/fortune500/
925,CDW,https://fortune.com/company/cdw/fortune500/
926,LUMN,https://fortune.com/company/centurylink/fortune500/
927,BKR,https://fortune.com/company/baker-hughes/fortune500/
928,IP,https://fortune.com/company/international-paper/fortune500/
929,HIG,https://fortune.com/company/hartford-financial-services/fortune500/
930,PAG,https://fortune.com/company/penske-automotive-group/fortune500/
931,DD,https://fortune.com/company/dow-chemical/fortune500/
932,AN,https://fortune.com/company/auto-nation/fortune500/
933,SO,https://fortune.com/company/southern/fortune500/
934,INT,https://fortune.com/company/world-fuel-services/fortune500/
935,DHI,https://fortune.com/company/d-r-horton/fortune500/
936,NUE,https://fortune.com/company/nucor/fortune500/
937,USFD,https://fortune.com/company/us-foods-holding/fortune500/
938,LEN,https://fortune.com/company/lennar/fortune500/
939,DHR,https://fortune.com/company/danaher/fortune500/
940,AFL,https://fortune.com/company/aflac/fortune500/
941,V,https://fortune.com/company/visa/fortune500/
942,MU,https://fortune.com/company/micron-technology/fortune500/
943,KMX,https://fortune.com/company/carmax/fortune500/
944,CRM,https://fortune.com/company/salesforce-com/fortune500/
945,MO,https://fortune.com/company/altria-group/fortune500/
946,PNC,https://fortune.com/company/pnc-financial-services/fortune500/
947,AVGO,https://fortune.com/company/broadcom/fortune500/
948,CBRE,https://fortune.com/company/cbre-group/fortune500/
949,QCOM,https://fortune.com/company/qualcomm/fortune500/
950,SBUX,https://fortune.com/company/starbucks/fortune500/
951,DUK,https://fortune.com/company/duke-energy/fortune500/
952,PAGP,https://fortune.com/company/plains-gp-holdings/fortune500/
